{"record_id": "10549", "status": "success", "metadata": {"age": 59, "sex": "M", "source": "static-data"}, "raw_outcomes": {"control_nomyoperi": 0.9999914, "control_myoperi": 6.133846e-07, "mi_nstemi_nonomi": 7.820594e-06, "mi_stemi_nonomi": 5.6074768e-08, "mi_nstemi_omi_lmca_lad": 1.8352107e-08, "mi_nstemi_omi_lcx": 3.350447e-08, "mi_nstemi_omi_rca": 2.7821144e-08, "mi_stemi_omi_lmca_lad": 2.0851825e-08, "mi_stemi_omi_lcx": 5.8869594e-09, "mi_stemi_omi_rca": 1.8385498e-08, "lbbb": 1.7803271e-05}, "tree_outcomes": {"control": 0.9999920133846, "mi": 8.001470771399999e-06, "omi": 1.248020034e-07, "nomi": 7.876668767999999e-06, "omi_lm_lad": 3.9203932e-08, "omi_lcx": 3.93914294e-08, "omi_rca": 4.6206641999999996e-08, "lbbb": 1.7803271e-05}}