{"record_id": "1058", "status": "success", "metadata": {"age": 87, "sex": "F", "source": "static-data"}, "raw_outcomes": {"control_nomyoperi": 0.2024554, "control_myoperi": 0.02086794, "mi_nstemi_nonomi": 0.12543735, "mi_stemi_nonomi": 0.24309042, "mi_nstemi_omi_lmca_lad": 0.03935727, "mi_nstemi_omi_lcx": 0.0070063095, "mi_nstemi_omi_rca": 0.0060011204, "mi_stemi_omi_lmca_lad": 0.3388151, "mi_stemi_omi_lcx": 0.0072138365, "mi_stemi_omi_rca": 0.009755194, "lbbb": 0.008524145}, "tree_outcomes": {"control": 0.22332334, "mi": 0.7766766004, "omi": 0.40814883039999994, "nomi": 0.36852777000000003, "omi_lm_lad": 0.37817237, "omi_lcx": 0.014220146, "omi_rca": 0.0157563144, "lbbb": 0.008524145}}