{"record_id": "10982", "status": "success", "metadata": {"age": 73, "sex": "F", "source": "static-data"}, "raw_outcomes": {"control_nomyoperi": 0.0012374547, "control_myoperi": 0.010191198, "mi_nstemi_nonomi": 0.030323874, "mi_stemi_nonomi": 0.23462202, "mi_nstemi_omi_lmca_lad": 0.0015506542, "mi_nstemi_omi_lcx": 0.047081385, "mi_nstemi_omi_rca": 0.042474534, "mi_stemi_omi_lmca_lad": 0.004697142, "mi_stemi_omi_lcx": 0.21088395, "mi_stemi_omi_rca": 0.41693783, "lbbb": 0.0023274634}, "tree_outcomes": {"control": 0.0114286527, "mi": 0.9885713892, "omi": 0.7236254952, "nomi": 0.264945894, "omi_lm_lad": 0.006247796199999999, "omi_lcx": 0.25796533499999996, "omi_rca": 0.459412364, "lbbb": 0.0023274634}}