{"record_id": "11286", "status": "success", "metadata": {"age": 75, "sex": "F", "source": "static-data"}, "raw_outcomes": {"control_nomyoperi": 0.14843911, "control_myoperi": 0.009876738, "mi_nstemi_nonomi": 0.23708285, "mi_stemi_nonomi": 0.2627039, "mi_nstemi_omi_lmca_lad": 0.039473128, "mi_nstemi_omi_lcx": 0.008643093, "mi_nstemi_omi_rca": 0.008022426, "mi_stemi_omi_lmca_lad": 0.26665568, "mi_stemi_omi_lcx": 0.0072181746, "mi_stemi_omi_rca": 0.01188491, "lbbb": 0.0126422765}, "tree_outcomes": {"control": 0.158315848, "mi": 0.8416841616, "omi": 0.34189741160000003, "nomi": 0.49978675, "omi_lm_lad": 0.30612880800000003, "omi_lcx": 0.0158612676, "omi_rca": 0.019907335999999998, "lbbb": 0.0126422765}}