{"record_id": "11932", "status": "success", "metadata": {"age": 39, "sex": "F", "source": "static-data"}, "raw_outcomes": {"control_nomyoperi": 0.012455023, "control_myoperi": 0.0017012762, "mi_nstemi_nonomi": 0.12877195, "mi_stemi_nonomi": 0.46030694, "mi_nstemi_omi_lmca_lad": 0.02200242, "mi_nstemi_omi_lcx": 0.00393939, "mi_nstemi_omi_rca": 0.0043092356, "mi_stemi_omi_lmca_lad": 0.35017452, "mi_stemi_omi_lcx": 0.005486866, "mi_stemi_omi_rca": 0.010852353, "lbbb": 0.0135943005}, "tree_outcomes": {"control": 0.0141562992, "mi": 0.9858436746000001, "omi": 0.39676478460000003, "nomi": 0.58907889, "omi_lm_lad": 0.37217694, "omi_lcx": 0.009426256000000001, "omi_rca": 0.015161588600000001, "lbbb": 0.0135943005}}