{"record_id": "12883", "status": "success", "metadata": {"age": 50, "sex": "F", "source": "static-data"}, "raw_outcomes": {"control_nomyoperi": 1.4902732e-06, "control_myoperi": 3.0227213e-06, "mi_nstemi_nonomi": 0.00050983066, "mi_stemi_nonomi": 0.05418904, "mi_nstemi_omi_lmca_lad": 2.3518865e-05, "mi_nstemi_omi_lcx": 0.00042090807, "mi_nstemi_omi_rca": 0.005945001, "mi_stemi_omi_lmca_lad": 0.00024428513, "mi_stemi_omi_lcx": 0.011017118, "mi_stemi_omi_rca": 0.92764586, "lbbb": 0.00220313}, "tree_outcomes": {"control": 4.5129945e-06, "mi": 0.999995561725, "omi": 0.945296691065, "nomi": 0.05469887066, "omi_lm_lad": 0.000267803995, "omi_lcx": 0.01143802607, "omi_rca": 0.933590861, "lbbb": 0.00220313}}