{"record_id": "13045", "status": "success", "metadata": {"age": 49, "sex": "M", "source": "static-data"}, "raw_outcomes": {"control_nomyoperi": 0.9930669, "control_myoperi": 8.862269e-05, "mi_nstemi_nonomi": 0.005691071, "mi_stemi_nonomi": 0.0005879497, "mi_nstemi_omi_lmca_lad": 6.135449e-05, "mi_nstemi_omi_lcx": 0.00010086274, "mi_nstemi_omi_rca": 0.00017935087, "mi_stemi_omi_lmca_lad": 0.000107093554, "mi_stemi_omi_lcx": 6.1141815e-05, "mi_stemi_omi_rca": 5.5768985e-05, "lbbb": 0.99886847}, "tree_outcomes": {"control": 0.99315552269, "mi": 0.006844593154, "omi": 0.000565572454, "nomi": 0.0062790206999999995, "omi_lm_lad": 0.000168448044, "omi_lcx": 0.000162004555, "omi_rca": 0.000235119855, "lbbb": 0.99886847}}