{"record_id": "13771", "status": "success", "metadata": {"age": 66, "sex": "F", "source": "static-data"}, "raw_outcomes": {"control_nomyoperi": 8.098802e-05, "control_myoperi": 0.00034450585, "mi_nstemi_nonomi": 0.0015974217, "mi_stemi_nonomi": 0.24115105, "mi_nstemi_omi_lmca_lad": 0.0050836136, "mi_nstemi_omi_lcx": 0.00010624284, "mi_nstemi_omi_rca": 0.00018023652, "mi_stemi_omi_lmca_lad": 0.7484014, "mi_stemi_omi_lcx": 0.0008032941, "mi_stemi_omi_rca": 0.0022512986, "lbbb": 0.006486791}, "tree_outcomes": {"control": 0.00042549387000000003, "mi": 0.99957455736, "omi": 0.75682608566, "nomi": 0.2427484717, "omi_lm_lad": 0.7534850136, "omi_lcx": 0.00090953694, "omi_rca": 0.00243153512, "lbbb": 0.006486791}}