{"record_id": "14099", "status": "success", "metadata": {"age": 23, "sex": "M", "source": "static-data"}, "raw_outcomes": {"control_nomyoperi": 0.9999032, "control_myoperi": 2.5866042e-05, "mi_nstemi_nonomi": 5.9401547e-05, "mi_stemi_nonomi": 3.0070087e-06, "mi_nstemi_omi_lmca_lad": 1.315849e-06, "mi_nstemi_omi_lcx": 2.2176011e-06, "mi_nstemi_omi_rca": 1.7094249e-06, "mi_stemi_omi_lmca_lad": 1.3423854e-06, "mi_stemi_omi_lcx": 6.168942e-07, "mi_stemi_omi_rca": 1.2794823e-06, "lbbb": 0.00035607218}, "tree_outcomes": {"control": 0.9999290660419999, "mi": 7.08901926e-05, "omi": 8.4816369e-06, "nomi": 6.24085557e-05, "omi_lm_lad": 2.6582344e-06, "omi_lcx": 2.8344953e-06, "omi_rca": 2.9889072e-06, "lbbb": 0.00035607218}}