{"record_id": "14570", "status": "success", "metadata": {"age": 56, "sex": "F", "source": "static-data"}, "raw_outcomes": {"control_nomyoperi": 0.16761698, "control_myoperi": 0.00918049, "mi_nstemi_nonomi": 0.18947636, "mi_stemi_nonomi": 0.28450516, "mi_nstemi_omi_lmca_lad": 0.040252108, "mi_nstemi_omi_lcx": 0.007826541, "mi_nstemi_omi_rca": 0.009434828, "mi_stemi_omi_lmca_lad": 0.2670969, "mi_stemi_omi_lcx": 0.008172312, "mi_stemi_omi_rca": 0.016438358, "lbbb": 0.018867701}, "tree_outcomes": {"control": 0.17679747, "mi": 0.823202567, "omi": 0.349221047, "nomi": 0.47398152, "omi_lm_lad": 0.30734900800000003, "omi_lcx": 0.015998853, "omi_rca": 0.025873186, "lbbb": 0.018867701}}