{"record_id": "16624", "status": "success", "metadata": {"age": 59, "sex": "F", "source": "static-data"}, "raw_outcomes": {"control_nomyoperi": 0.98619753, "control_myoperi": 0.00010046908, "mi_nstemi_nonomi": 0.0117596835, "mi_stemi_nonomi": 0.0010649023, "mi_nstemi_omi_lmca_lad": 8.9428955e-05, "mi_nstemi_omi_lcx": 0.0001705092, "mi_nstemi_omi_rca": 0.00028730257, "mi_stemi_omi_lmca_lad": 0.00015291605, "mi_stemi_omi_lcx": 9.5205796e-05, "mi_stemi_omi_rca": 8.196568e-05, "lbbb": 0.9987814}, "tree_outcomes": {"control": 0.98629799908, "mi": 0.013701914051, "omi": 0.0008773282510000001, "nomi": 0.0128245858, "omi_lm_lad": 0.00024234500500000002, "omi_lcx": 0.000265714996, "omi_rca": 0.00036926825000000005, "lbbb": 0.9987814}}