{"record_id": "16765", "status": "success", "metadata": {"age": 54, "sex": "F", "source": "static-data"}, "raw_outcomes": {"control_nomyoperi": 0.121017724, "control_myoperi": 0.004975383, "mi_nstemi_nonomi": 0.2711445, "mi_stemi_nonomi": 0.16786125, "mi_nstemi_omi_lmca_lad": 0.0070418385, "mi_nstemi_omi_lcx": 0.04352015, "mi_nstemi_omi_rca": 0.084728904, "mi_stemi_omi_lmca_lad": 0.010045611, "mi_stemi_omi_lcx": 0.04788086, "mi_stemi_omi_rca": 0.24178374, "lbbb": 0.008744049}, "tree_outcomes": {"control": 0.125993107, "mi": 0.8740068535, "omi": 0.4350011035, "nomi": 0.43900575, "omi_lm_lad": 0.017087449499999997, "omi_lcx": 0.09140101, "omi_rca": 0.326512644, "lbbb": 0.008744049}}