{"record_id": "18142", "status": "success", "metadata": {"age": 71, "sex": "F", "source": "static-data"}, "raw_outcomes": {"control_nomyoperi": 0.08954423, "control_myoperi": 0.0046695834, "mi_nstemi_nonomi": 0.20100996, "mi_stemi_nonomi": 0.18462, "mi_nstemi_omi_lmca_lad": 0.0061223363, "mi_nstemi_omi_lcx": 0.040670626, "mi_nstemi_omi_rca": 0.08334981, "mi_stemi_omi_lmca_lad": 0.010587802, "mi_stemi_omi_lcx": 0.05365202, "mi_stemi_omi_rca": 0.32577363, "lbbb": 0.0075466977}, "tree_outcomes": {"control": 0.0942138134, "mi": 0.9057861842999999, "omi": 0.5201562243, "nomi": 0.38562996, "omi_lm_lad": 0.0167101383, "omi_lcx": 0.09432264600000001, "omi_rca": 0.40912344, "lbbb": 0.0075466977}}