{"record_id": "19253", "status": "success", "metadata": {"age": 38, "sex": "M", "source": "static-data"}, "raw_outcomes": {"control_nomyoperi": 6.840329e-05, "control_myoperi": 0.00010219284, "mi_nstemi_nonomi": 0.0015211629, "mi_stemi_nonomi": 0.08908076, "mi_nstemi_omi_lmca_lad": 0.00016275966, "mi_nstemi_omi_lcx": 0.0017091287, "mi_nstemi_omi_rca": 0.014420244, "mi_stemi_omi_lmca_lad": 0.0013369318, "mi_stemi_omi_lcx": 0.03013203, "mi_stemi_omi_rca": 0.86146647, "lbbb": 0.00423213}, "tree_outcomes": {"control": 0.00017059613, "mi": 0.99982948706, "omi": 0.90922756416, "nomi": 0.09060192289999999, "omi_lm_lad": 0.00149969146, "omi_lcx": 0.031841158700000004, "omi_rca": 0.875886714, "lbbb": 0.00423213}}