{"record_id": "20782", "status": "success", "metadata": {"age": 36, "sex": "F", "source": "static-data"}, "raw_outcomes": {"control_nomyoperi": 0.06747856, "control_myoperi": 0.0010151431, "mi_nstemi_nonomi": 0.83618635, "mi_stemi_nonomi": 0.041018885, "mi_nstemi_omi_lmca_lad": 0.0035285125, "mi_nstemi_omi_lcx": 0.023456631, "mi_nstemi_omi_rca": 0.011340401, "mi_stemi_omi_lmca_lad": 0.0034951367, "mi_stemi_omi_lcx": 0.0048783156, "mi_stemi_omi_rca": 0.0076019936, "lbbb": 0.0066282935}, "tree_outcomes": {"control": 0.06849370310000001, "mi": 0.9315062253999999, "omi": 0.0543009904, "nomi": 0.8772052349999999, "omi_lm_lad": 0.0070236492, "omi_lcx": 0.028334946599999997, "omi_rca": 0.0189423946, "lbbb": 0.0066282935}}