{"record_id": "3312", "status": "success", "metadata": {"age": 58, "sex": "F", "source": "static-data"}, "raw_outcomes": {"control_nomyoperi": 0.6570167, "control_myoperi": 0.33133015, "mi_nstemi_nonomi": 0.0022912624, "mi_stemi_nonomi": 0.0030465529, "mi_nstemi_omi_lmca_lad": 0.0008690035, "mi_nstemi_omi_lcx": 0.0015145857, "mi_nstemi_omi_rca": 0.0006071988, "mi_stemi_omi_lmca_lad": 0.0018533465, "mi_stemi_omi_lcx": 0.0009281688, "mi_stemi_omi_rca": 0.0005430024, "lbbb": 0.0014096206}, "tree_outcomes": {"control": 0.98834685, "mi": 0.011653120999999999, "omi": 0.0063153057, "nomi": 0.0053378153, "omi_lm_lad": 0.00272235, "omi_lcx": 0.0024427545, "omi_rca": 0.0011502012, "lbbb": 0.0014096206}}