{"record_id": "3422", "status": "success", "metadata": {"age": 73, "sex": "F", "source": "static-data"}, "raw_outcomes": {"control_nomyoperi": 0.032665383, "control_myoperi": 0.19027455, "mi_nstemi_nonomi": 0.11692472, "mi_stemi_nonomi": 0.23633897, "mi_nstemi_omi_lmca_lad": 0.0062460615, "mi_nstemi_omi_lcx": 0.13457054, "mi_nstemi_omi_rca": 0.03446487, "mi_stemi_omi_lmca_lad": 0.013174636, "mi_stemi_omi_lcx": 0.16333807, "mi_stemi_omi_rca": 0.0720023, "lbbb": 0.0025878376}, "tree_outcomes": {"control": 0.22293993299999998, "mi": 0.7770601675, "omi": 0.4237964775, "nomi": 0.35326369, "omi_lm_lad": 0.0194206975, "omi_lcx": 0.29790861, "omi_rca": 0.10646717, "lbbb": 0.0025878376}}