{"record_id": "3852", "status": "success", "metadata": {"age": 37, "sex": "F", "source": "static-data"}, "raw_outcomes": {"control_nomyoperi": 6.1522064e-06, "control_myoperi": 4.8392056e-05, "mi_nstemi_nonomi": 0.00026381295, "mi_stemi_nonomi": 0.13200974, "mi_nstemi_omi_lmca_lad": 0.00212773, "mi_nstemi_omi_lcx": 1.0064915e-05, "mi_nstemi_omi_rca": 2.1117952e-05, "mi_stemi_omi_lmca_lad": 0.8650891, "mi_stemi_omi_lcx": 0.00011263021, "mi_stemi_omi_rca": 0.00031122495, "lbbb": 0.0068782996}, "tree_outcomes": {"control": 5.45442624e-05, "mi": 0.999945420977, "omi": 0.867671868027, "nomi": 0.13227355294999998, "omi_lm_lad": 0.86721683, "omi_lcx": 0.000122695125, "omi_rca": 0.00033234290200000004, "lbbb": 0.0068782996}}