{"record_id": "3918", "status": "success", "metadata": {"age": 27, "sex": "F", "source": "static-data"}, "raw_outcomes": {"control_nomyoperi": 0.07959179, "control_myoperi": 0.0054279296, "mi_nstemi_nonomi": 0.26331, "mi_stemi_nonomi": 0.16695057, "mi_nstemi_omi_lmca_lad": 0.005942272, "mi_nstemi_omi_lcx": 0.053881925, "mi_nstemi_omi_rca": 0.08914859, "mi_stemi_omi_lmca_lad": 0.008431163, "mi_stemi_omi_lcx": 0.057584718, "mi_stemi_omi_rca": 0.26973104, "lbbb": 0.007660316}, "tree_outcomes": {"control": 0.0850197196, "mi": 0.9149802779999999, "omi": 0.48471970799999997, "nomi": 0.43026056999999995, "omi_lm_lad": 0.014373435, "omi_lcx": 0.111466643, "omi_rca": 0.35887963, "lbbb": 0.007660316}}