{"record_id": "5317", "status": "success", "metadata": {"age": 50, "sex": "F", "source": "static-data"}, "raw_outcomes": {"control_nomyoperi": 0.07981204, "control_myoperi": 0.001170815, "mi_nstemi_nonomi": 0.82528067, "mi_stemi_nonomi": 0.036290605, "mi_nstemi_omi_lmca_lad": 0.0030795867, "mi_nstemi_omi_lcx": 0.024969669, "mi_nstemi_omi_rca": 0.01233217, "mi_stemi_omi_lmca_lad": 0.0027360388, "mi_stemi_omi_lcx": 0.0055293594, "mi_stemi_omi_rca": 0.008799048, "lbbb": 0.0057258825}, "tree_outcomes": {"control": 0.080982855, "mi": 0.9190171469000001, "omi": 0.0574458719, "nomi": 0.8615712750000001, "omi_lm_lad": 0.005815625499999999, "omi_lcx": 0.0304990284, "omi_rca": 0.021131218, "lbbb": 0.0057258825}}