{"record_id": "5574", "status": "success", "metadata": {"age": 84, "sex": "M", "source": "static-data"}, "raw_outcomes": {"control_nomyoperi": 0.04291272, "control_myoperi": 0.0010094241, "mi_nstemi_nonomi": 0.8356514, "mi_stemi_nonomi": 0.046511825, "mi_nstemi_omi_lmca_lad": 0.0029686443, "mi_nstemi_omi_lcx": 0.03222658, "mi_nstemi_omi_rca": 0.015835816, "mi_stemi_omi_lmca_lad": 0.002734272, "mi_stemi_omi_lcx": 0.0077664442, "mi_stemi_omi_rca": 0.01238296, "lbbb": 0.0056329085}, "tree_outcomes": {"control": 0.043922144100000005, "mi": 0.9560779415, "omi": 0.0739147165, "nomi": 0.882163225, "omi_lm_lad": 0.005702916299999999, "omi_lcx": 0.0399930242, "omi_rca": 0.028218776, "lbbb": 0.0056329085}}