{"record_id": "5868", "status": "success", "metadata": {"age": 63, "sex": "M", "source": "static-data"}, "raw_outcomes": {"control_nomyoperi": 0.00049458205, "control_myoperi": 0.00022781626, "mi_nstemi_nonomi": 0.008700826, "mi_stemi_nonomi": 0.5044771, "mi_nstemi_omi_lmca_lad": 0.0026648103, "mi_nstemi_omi_lcx": 0.0016543019, "mi_nstemi_omi_rca": 0.011569667, "mi_stemi_omi_lmca_lad": 0.06559124, "mi_stemi_omi_lcx": 0.021678176, "mi_stemi_omi_rca": 0.38294157, "lbbb": 0.012665111}, "tree_outcomes": {"control": 0.00072239831, "mi": 0.9992776912, "omi": 0.4860997652, "nomi": 0.513177926, "omi_lm_lad": 0.0682560503, "omi_lcx": 0.0233324779, "omi_rca": 0.394511237, "lbbb": 0.012665111}}