{"record_id": "5893", "status": "success", "metadata": {"age": 67, "sex": "F", "source": "static-data"}, "raw_outcomes": {"control_nomyoperi": 0.04011104, "control_myoperi": 0.03722544, "mi_nstemi_nonomi": 0.3030392, "mi_stemi_nonomi": 0.1702143, "mi_nstemi_omi_lmca_lad": 0.0065349997, "mi_nstemi_omi_lcx": 0.16054748, "mi_nstemi_omi_rca": 0.054690715, "mi_stemi_omi_lmca_lad": 0.009286796, "mi_stemi_omi_lcx": 0.13733746, "mi_stemi_omi_rca": 0.081012614, "lbbb": 0.005912439}, "tree_outcomes": {"control": 0.07733648, "mi": 0.9226635646999999, "omi": 0.44941006469999994, "nomi": 0.4732535, "omi_lm_lad": 0.015821795700000002, "omi_lcx": 0.29788494, "omi_rca": 0.13570332899999998, "lbbb": 0.005912439}}