{"record_id": "6212", "status": "success", "metadata": {"age": 73, "sex": "M", "source": "static-data"}, "raw_outcomes": {"control_nomyoperi": 1.2726393e-05, "control_myoperi": 6.139992e-05, "mi_nstemi_nonomi": 0.00050183624, "mi_stemi_nonomi": 0.11084638, "mi_nstemi_omi_lmca_lad": 0.00012312883, "mi_nstemi_omi_lcx": 0.00081142137, "mi_nstemi_omi_rca": 0.006922465, "mi_stemi_omi_lmca_lad": 0.0021855528, "mi_stemi_omi_lcx": 0.031098183, "mi_stemi_omi_rca": 0.84743696, "lbbb": 0.003558498}, "tree_outcomes": {"control": 7.4126313e-05, "mi": 0.9999259272400001, "omi": 0.888577711, "nomi": 0.11134821623999999, "omi_lm_lad": 0.00230868163, "omi_lcx": 0.031909604370000004, "omi_rca": 0.8543594250000001, "lbbb": 0.003558498}}