{"record_id": "6287", "status": "success", "metadata": {"age": 66, "sex": "F", "source": "static-data"}, "raw_outcomes": {"control_nomyoperi": 0.00014482955, "control_myoperi": 0.00040196624, "mi_nstemi_nonomi": 0.0023923714, "mi_stemi_nonomi": 0.23505309, "mi_nstemi_omi_lmca_lad": 0.006397103, "mi_nstemi_omi_lcx": 0.00013171446, "mi_nstemi_omi_rca": 0.00022744852, "mi_stemi_omi_lmca_lad": 0.7521574, "mi_stemi_omi_lcx": 0.00082010136, "mi_stemi_omi_rca": 0.0022739875, "lbbb": 0.007097762}, "tree_outcomes": {"control": 0.00054679579, "mi": 0.9994532162399999, "omi": 0.7620077548399999, "nomi": 0.2374454614, "omi_lm_lad": 0.7585545029999999, "omi_lcx": 0.00095181582, "omi_rca": 0.00250143602, "lbbb": 0.007097762}}