{"record_id": "7469", "status": "success", "metadata": {"age": 76, "sex": "M", "source": "static-data"}, "raw_outcomes": {"control_nomyoperi": 0.9894354, "control_myoperi": 9.0051566e-05, "mi_nstemi_nonomi": 0.009005711, "mi_stemi_nonomi": 0.0007886732, "mi_nstemi_omi_lmca_lad": 7.297204e-05, "mi_nstemi_omi_lcx": 0.00012494877, "mi_nstemi_omi_rca": 0.00022162033, "mi_stemi_omi_lmca_lad": 0.00012670962, "mi_stemi_omi_lcx": 7.145472e-05, "mi_stemi_omi_rca": 6.245719e-05, "lbbb": 0.99905974}, "tree_outcomes": {"control": 0.9895254515659999, "mi": 0.010474546869999999, "omi": 0.0006801626699999999, "nomi": 0.009794384199999999, "omi_lm_lad": 0.00019968166000000002, "omi_lcx": 0.00019640349, "omi_rca": 0.00028407751999999997, "lbbb": 0.99905974}}