{"record_id": "7808", "status": "success", "metadata": {"age": 79, "sex": "M", "source": "static-data"}, "raw_outcomes": {"control_nomyoperi": 0.0021406962, "control_myoperi": 0.0006317906, "mi_nstemi_nonomi": 0.08746253, "mi_stemi_nonomi": 0.48560384, "mi_nstemi_omi_lmca_lad": 0.01651643, "mi_nstemi_omi_lcx": 0.00202468, "mi_nstemi_omi_rca": 0.0021061946, "mi_stemi_omi_lmca_lad": 0.39346442, "mi_stemi_omi_lcx": 0.0030616221, "mi_stemi_omi_rca": 0.0069878316, "lbbb": 0.0060214093}, "tree_outcomes": {"control": 0.0027724868, "mi": 0.9972275482999999, "omi": 0.42416117829999994, "nomi": 0.57306637, "omi_lm_lad": 0.40998084999999995, "omi_lcx": 0.0050863021000000005, "omi_rca": 0.0090940262, "lbbb": 0.0060214093}}