{"record_id": "811", "status": "success", "metadata": {"age": 52, "sex": "F", "source": "static-data"}, "raw_outcomes": {"control_nomyoperi": 0.012358192, "control_myoperi": 0.27055955, "mi_nstemi_nonomi": 0.07521372, "mi_stemi_nonomi": 0.1939198, "mi_nstemi_omi_lmca_lad": 0.003603716, "mi_nstemi_omi_lcx": 0.15274777, "mi_nstemi_omi_rca": 0.032593053, "mi_stemi_omi_lmca_lad": 0.0069159674, "mi_stemi_omi_lcx": 0.1917324, "mi_stemi_omi_rca": 0.060355823, "lbbb": 0.0018605137}, "tree_outcomes": {"control": 0.28291774199999997, "mi": 0.7170822494, "omi": 0.44794872939999997, "nomi": 0.26913352, "omi_lm_lad": 0.0105196834, "omi_lcx": 0.34448017, "omi_rca": 0.092948876, "lbbb": 0.0018605137}}