{"record_id": "8576", "status": "success", "metadata": {"age": 52, "sex": "F", "source": "static-data"}, "raw_outcomes": {"control_nomyoperi": 0.029804526, "control_myoperi": 0.042610288, "mi_nstemi_nonomi": 0.33183867, "mi_stemi_nonomi": 0.22318058, "mi_nstemi_omi_lmca_lad": 0.0066569303, "mi_nstemi_omi_lcx": 0.15323935, "mi_nstemi_omi_rca": 0.041349992, "mi_stemi_omi_lmca_lad": 0.011299995, "mi_stemi_omi_lcx": 0.10592823, "mi_stemi_omi_rca": 0.05409145, "lbbb": 0.0034484693}, "tree_outcomes": {"control": 0.07241481400000001, "mi": 0.9275851973, "omi": 0.3725659473, "nomi": 0.55501925, "omi_lm_lad": 0.0179569253, "omi_lcx": 0.25916758, "omi_rca": 0.095441442, "lbbb": 0.0034484693}}