{"record_id": "8631", "status": "success", "metadata": {"age": 61, "sex": "M", "source": "static-data"}, "raw_outcomes": {"control_nomyoperi": 0.40880102, "control_myoperi": 0.5862118, "mi_nstemi_nonomi": 0.000797918, "mi_stemi_nonomi": 0.0011889171, "mi_nstemi_omi_lmca_lad": 0.00032933042, "mi_nstemi_omi_lcx": 0.001006214, "mi_nstemi_omi_rca": 0.00028468695, "mi_stemi_omi_lmca_lad": 0.0005674273, "mi_stemi_omi_lcx": 0.00058254105, "mi_stemi_omi_rca": 0.000230133, "lbbb": 0.0010036846}, "tree_outcomes": {"control": 0.9950128199999999, "mi": 0.004987167820000001, "omi": 0.0030003327200000002, "nomi": 0.0019868351, "omi_lm_lad": 0.00089675772, "omi_lcx": 0.00158875505, "omi_rca": 0.00051481995, "lbbb": 0.0010036846}}