{"record_id": "92", "status": "success", "metadata": {"age": 43, "sex": "M", "source": "static-data"}, "raw_outcomes": {"control_nomyoperi": 0.9998715, "control_myoperi": 3.4401375e-05, "mi_nstemi_nonomi": 7.790304e-05, "mi_stemi_nonomi": 4.198566e-06, "mi_nstemi_omi_lmca_lad": 1.8690142e-06, "mi_nstemi_omi_lcx": 3.1160976e-06, "mi_nstemi_omi_rca": 2.4275346e-06, "mi_stemi_omi_lmca_lad": 1.891758e-06, "mi_stemi_omi_lcx": 8.6869e-07, "mi_stemi_omi_rca": 1.7847138e-06, "lbbb": 0.00040621223}, "tree_outcomes": {"control": 0.999905901375, "mi": 9.405941420000001e-05, "omi": 1.1957808200000001e-05, "nomi": 8.210160600000001e-05, "omi_lm_lad": 3.7607722e-06, "omi_lcx": 3.9847876e-06, "omi_rca": 4.2122484e-06, "lbbb": 0.00040621223}}