{"record_id": "931", "status": "success", "metadata": {"age": 32, "sex": "F", "source": "static-data"}, "raw_outcomes": {"control_nomyoperi": 0.02648986, "control_myoperi": 0.46194103, "mi_nstemi_nonomi": 0.039278083, "mi_stemi_nonomi": 0.13608208, "mi_nstemi_omi_lmca_lad": 0.0036980188, "mi_nstemi_omi_lcx": 0.085473076, "mi_nstemi_omi_rca": 0.028082328, "mi_stemi_omi_lmca_lad": 0.008125972, "mi_stemi_omi_lcx": 0.14538708, "mi_stemi_omi_rca": 0.065442495, "lbbb": 0.0020145166}, "tree_outcomes": {"control": 0.48843088999999995, "mi": 0.5115691327999999, "omi": 0.3362089698, "nomi": 0.17536016299999999, "omi_lm_lad": 0.0118239908, "omi_lcx": 0.23086015599999998, "omi_rca": 0.093524823, "lbbb": 0.0020145166}}